{
  "customer_age": {
    "count": 10127.0,
    "mean": 46.32596030413745,
    "std": 8.01681403254903,
    "min": 26.0,
    "25%": 41.0,
    "50%": 46.0,
    "75%": 52.0,
    "max": 73.0
  },
  "dependent_count": {
    "count": 10127.0,
    "mean": 2.3462032191172115,
    "std": 1.2989083489037905,
    "min": 0.0,
    "25%": 1.0,
    "50%": 2.0,
    "75%": 3.0,
    "max": 5.0
  },
  "months_on_book": {
    "count": 10127.0,
    "mean": 35.928409203120374,
    "std": 7.9864163308720615,
    "min": 13.0,
    "25%": 31.0,
    "50%": 36.0,
    "75%": 40.0,
    "max": 56.0
  },
  "total_relationship_count": {
    "count": 10127.0,
    "mean": 3.8125802310654686,
    "std": 1.5544078653388251,
    "min": 1.0,
    "25%": 3.0,
    "50%": 4.0,
    "75%": 5.0,
    "max": 6.0
  },
  "months_inactive_12_mon": {
    "count": 10127.0,
    "mean": 2.3411671768539546,
    "std": 1.010622399418281,
    "min": 0.0,
    "25%": 2.0,
    "50%": 2.0,
    "75%": 3.0,
    "max": 6.0
  },
  "contacts_count_12_mon": {
    "count": 10127.0,
    "mean": 2.4553174681544387,
    "std": 1.106225142635924,
    "min": 0.0,
    "25%": 2.0,
    "50%": 2.0,
    "75%": 3.0,
    "max": 6.0
  },
  "credit_limit": {
    "count": 10127.0,
    "mean": 8631.953698034955,
    "std": 9088.776650223155,
    "min": 1438.3,
    "25%": 2555.0,
    "50%": 4549.0,
    "75%": 11067.5,
    "max": 34516.0
  },
  "total_revolving_bal": {
    "count": 10127.0,
    "mean": 1162.8140614199665,
    "std": 814.9873352357523,
    "min": 0.0,
    "25%": 359.0,
    "50%": 1276.0,
    "75%": 1784.0,
    "max": 2517.0
  },
  "avg_open_to_buy": {
    "count": 10127.0,
    "mean": 7469.139636614989,
    "std": 9090.685323679103,
    "min": 3.0,
    "25%": 1324.5,
    "50%": 3474.0,
    "75%": 9859.0,
    "max": 34516.0
  },
  "total_amt_chng_q4_q1": {
    "count": 10127.0,
    "mean": 0.759940653698035,
    "std": 0.21920676923070273,
    "min": 0.0,
    "25%": 0.631,
    "50%": 0.736,
    "75%": 0.859,
    "max": 3.397
  },
  "total_trans_amt": {
    "count": 10127.0,
    "mean": 4404.086303939963,
    "std": 3397.129253557087,
    "min": 510.0,
    "25%": 2155.5,
    "50%": 3899.0,
    "75%": 4741.0,
    "max": 18484.0
  },
  "total_trans_ct": {
    "count": 10127.0,
    "mean": 64.85869457884863,
    "std": 23.472570449232997,
    "min": 10.0,
    "25%": 45.0,
    "50%": 67.0,
    "75%": 81.0,
    "max": 139.0
  },
  "total_ct_chng_q4_q1": {
    "count": 10127.0,
    "mean": 0.7122223758269971,
    "std": 0.2380860913329413,
    "min": 0.0,
    "25%": 0.582,
    "50%": 0.702,
    "75%": 0.818,
    "max": 3.714
  },
  "avg_utilization_ratio": {
    "count": 10127.0,
    "mean": 0.27489355189098447,
    "std": 0.27569146925238774,
    "min": 0.0,
    "25%": 0.023,
    "50%": 0.176,
    "75%": 0.503,
    "max": 0.999
  }
}